customer_id,first_name,last_name,age,email,gender,occupation,marital_status,education,phone,address,transaction_count
53226,Wynn,Egglestone,81,wegglestone0@redcross.org,Female,Database Administrator I,Divorced,Doctoral degree,999-745-1176,808 Dahle Street,
97419,Dannye,Sasser,83,dsasser1@uol.com.br,Female,Statistician III,Single,Bachelor's degree,969-601-1319,479 Pearson Park,
91245,Merissa,Rudgley,39,mrudgley2@newsvine.com,Genderfluid,Design Engineer,Widowed,High school,263-467-3461,6 Hoffman Court,
54071,Camellia,Burlingham,87,cburlingham3@utexas.edu,Female,Marketing Assistant,Widowed,Doctoral degree,211-185-8015,113 Ramsey Circle,
91646,Abie,Baskwell,97,abaskwell4@over-blog.com,Non-binary,Systems Administrator II,Divorced,Master's degree,807-770-6825,1 Stephen Center,
70983,Berni,Zimmermanns,51,bzimmermanns5@wisc.edu,Female,Nurse Practicioner,Single,Doctoral degree,653-790-2198,53729 Thompson Center,
9417,Sigfrid,Theyer,93,stheyer6@lycos.com,Male,Data Coordinator,Married,Doctoral degree,238-901-1510,1111 Park Meadow Alley,
64291,Goober,Boutton,71,gboutton7@mysql.com,Male,Recruiting Manager,Widowed,Bachelor's degree,215-259-9071,505 Brown Alley,
33192,Jermayne,De Nisco,18,jdenisco8@edublogs.org,Male,Food Chemist,Widowed,Master's degree,316-991-1063,34812 Straubel Plaza,
27389,Winston,Bradwell,79,wbradwell9@gmpg.org,Male,Chemical Engineer,Married,High school,600-159-6559,0 Warrior Parkway,
51004,Trista,Sancias,93,tsanciasa@ucsd.edu,Female,Web Developer I,Single,Master's degree,149-615-0425,57100 Randy Plaza,
60371,Georgie,Spatoni,42,gspatonib@gravatar.com,Female,Clinical Specialist,Divorced,Doctoral degree,385-461-7932,2441 Cherokee Crossing,
82744,Shay,Canfield,41,scanfieldc@fastcompany.com,Male,Speech Pathologist,Widowed,High school,961-651-2257,2134 Mallory Place,
96039,Suzanne,Patience,44,spatienced@technorati.com,Polygender,Programmer Analyst II,Divorced,Master's degree,796-943-8403,12 Everett Court,
81438,Del,MacLise,21,dmaclisee@princeton.edu,Male,Editor,Divorced,Bachelor's degree,823-998-9403,136 Division Alley,
34392,Myrtie,Game,98,mgamef@google.ru,Polygender,VP Marketing,Single,Master's degree,237-705-7141,5 Buena Vista Street,
58152,Minna,Palister,66,mpalisterg@addthis.com,Female,Technical Writer,Married,Bachelor's degree,428-429-1262,21051 Bunting Parkway,
34900,Jacquette,Rennebach,29,jrennebachh@about.com,Female,Software Test Engineer IV,Divorced,Bachelor's degree,151-869-5062,21893 Rusk Lane,
28759,Olympe,Hully,94,ohullyi@ucoz.com,Female,Programmer Analyst IV,Single,Doctoral degree,119-788-3361,0234 Bonner Point,
72070,Melisse,Battill,25,mbattillj@google.com.br,Bigender,Research Associate,Single,Bachelor's degree,975-535-9805,0491 Hauk Court,
99035,Alma,Paternoster,64,apaternosterk@sakura.ne.jp,Female,Assistant Manager,Widowed,Doctoral degree,168-487-4084,59 Bultman Junction,
36970,Tally,Kleinstub,76,tkleinstubl@usa.gov,Male,Quality Control Specialist,Widowed,Bachelor's degree,842-716-7570,502 Grayhawk Trail,
308,Herve,Benoix,35,hbenoixm@multiply.com,Male,Desktop Support Technician,Divorced,High school,695-882-1443,21 Scofield Alley,
43710,Welch,Glassborow,58,wglassborown@ezinearticles.com,Male,Automation Specialist IV,Divorced,High school,891-765-0344,833 Carberry Drive,
76181,Ivar,Brown,97,ibrowno@ustream.tv,Male,Assistant Manager,Divorced,Doctoral degree,439-101-7343,779 Manitowish Court,
12674,Lorain,O'Fearguise,33,lofearguisep@ustream.tv,Female,Staff Accountant I,Married,Master's degree,760-852-8787,13569 Linden Way,
39715,Giana,Conaghy,30,gconaghyq@blinklist.com,Female,Pharmacist,Divorced,Master's degree,847-922-1945,8523 Dennis Hill,
907,Winnie,McManamen,73,wmcmanamenr@qq.com,Male,Assistant Media Planner,Married,Bachelor's degree,419-245-8388,0 Meadow Valley Park,
21172,Quentin,Ravenhills,63,qravenhillss@springer.com,Female,Assistant Manager,Divorced,Doctoral degree,338-503-1459,269 Cody Road,
81370,Sammy,Outram,89,soutramt@linkedin.com,Male,Accountant II,Single,Doctoral degree,343-543-7260,69 Scoville Pass,
9795,Wilt,Whitwam,70,wwhitwamu@oaic.gov.au,Male,Account Coordinator,Divorced,Bachelor's degree,229-108-9475,946 Sycamore Crossing,
82567,Shurlock,Korneichik,29,skorneichikv@smugmug.com,Male,Pharmacist,Widowed,Bachelor's degree,288-427-0805,8948 Pine View Court,
94141,Humfried,Tipens,80,htipensw@sohu.com,Male,Community Outreach Specialist,Single,Bachelor's degree,246-692-7990,6177 Graedel Parkway,
51506,Cleveland,Pierro,60,cpierrox@homestead.com,Male,Operator,Divorced,High school,522-319-1578,67416 New Castle Terrace,
23448,Scot,Onn,63,sonny@irs.gov,Non-binary,Assistant Manager,Divorced,Master's degree,648-824-6341,2990 Anthes Alley,
20249,Friedrick,Terzza,25,fterzzaz@freewebs.com,Male,Accountant IV,Married,High school,798-284-0550,79669 Atwood Way,
23253,Amery,Squibbs,74,asquibbs10@cnn.com,Male,Financial Advisor,Divorced,High school,321-998-2461,1766 Truax Lane,
8870,Barret,Fosher,55,bfosher11@nifty.com,Bigender,Systems Administrator III,Widowed,Master's degree,741-523-4625,5524 Coolidge Terrace,
94619,Nevile,Morican,16,nmorican12@bbc.co.uk,Male,Administrative Assistant III,Divorced,Master's degree,423-243-5985,26426 Hallows Alley,
68047,Junette,Bigrigg,41,jbigrigg13@wired.com,Female,Staff Scientist,Divorced,High school,857-256-7142,65 Onsgard Circle,
37652,Maribel,Balser,45,mbalser14@flickr.com,Female,Dental Hygienist,Married,Master's degree,867-860-0757,730 Bunting Plaza,
82544,Klement,Kernoghan,83,kkernoghan15@prlog.org,Male,Nurse Practicioner,Divorced,Doctoral degree,715-356-6990,54324 Darwin Trail,
8337,Joannes,Marlin,49,jmarlin16@ebay.com,Female,Web Developer I,Single,Bachelor's degree,975-428-1572,3888 Meadow Valley Road,
10427,Rosa,Westrey,38,rwestrey17@lulu.com,Female,Senior Financial Analyst,Widowed,Doctoral degree,782-897-5650,094 Old Shore Terrace,
88789,Jarrad,Clackson,64,jclackson18@msu.edu,Male,Budget/Accounting Analyst II,Single,High school,474-897-8734,745 Bowman Crossing,
41031,Leigha,Beeby,38,lbeeby19@prweb.com,Female,Tax Accountant,Divorced,High school,785-799-9812,05 Thierer Parkway,
48064,Ezechiel,Keune,84,ekeune1a@gravatar.com,Male,Help Desk Operator,Single,Master's degree,276-274-2724,4669 Everett Point,
97266,Jammie,Padfield,55,jpadfield1b@facebook.com,Female,Payment Adjustment Coordinator,Single,Master's degree,467-120-7383,88555 Lindbergh Point,
82873,Kinna,McLaine,81,kmclaine1c@ft.com,Female,Associate Professor,Divorced,Doctoral degree,419-496-8041,397 Armistice Lane,
71094,Sashenka,Harce,59,sharce1d@state.tx.us,Female,Information Systems Manager,Widowed,Master's degree,480-619-1974,1 Tony Crossing,
47654,Morgen,Beevens,36,mbeevens1e@oaic.gov.au,Male,Operator,Single,Master's degree,556-792-3801,7 Ridgeview Park,
80071,Eustacia,MacGahy,91,emacgahy1f@elpais.com,Female,Health Coach III,Married,Doctoral degree,286-688-3438,6 Novick Circle,
58395,Dud,Trasler,42,dtrasler1g@xrea.com,Male,Executive Secretary,Married,Master's degree,370-399-0683,5 Brown Place,
40034,Aguistin,Di Napoli,32,adinapoli1h@about.com,Male,General Manager,Married,Bachelor's degree,287-928-2837,081 Saint Paul Lane,
24647,Juline,Duffit,73,jduffit1i@kickstarter.com,Female,Senior Developer,Single,Bachelor's degree,744-101-2233,90946 Colorado Pass,
24332,Jody,Garforth,24,jgarforth1j@mit.edu,Bigender,Financial Analyst,Single,Bachelor's degree,547-980-6570,27 Hansons Avenue,
83634,Tyler,Kerkham,83,tkerkham1k@oaic.gov.au,Male,Paralegal,Divorced,Master's degree,152-407-7682,18398 Center Terrace,
73128,Cindee,Conford,98,cconford1l@list-manage.com,Agender,Web Developer IV,Widowed,Master's degree,270-304-8670,64 Russell Alley,
55671,Adlai,Huggill,53,ahuggill1m@sbwire.com,Male,Sales Associate,Widowed,Bachelor's degree,661-669-7851,6 Grover Terrace,
45689,Valencia,Vane,92,vvane1n@drupal.org,Female,Data Coordinator,Single,Master's degree,626-766-7336,44750 Tony Pass,
17215,Ysabel,Baudic,68,ybaudic1o@miibeian.gov.cn,Non-binary,Desktop Support Technician,Divorced,Master's degree,492-811-8919,45 4th Court,
99959,Evelin,Vida,54,evida1p@rediff.com,Male,Safety Technician IV,Married,Doctoral degree,354-506-3418,53 Tomscot Alley,
17932,Godart,Rosellini,55,grosellini1q@guardian.co.uk,Male,Safety Technician IV,Widowed,High school,511-310-2522,8024 Commercial Terrace,
66189,Tamarah,Guitonneau,57,tguitonneau1r@goodreads.com,Female,Software Consultant,Single,Bachelor's degree,302-685-9197,74523 Burning Wood Pass,
73355,Marley,Comberbach,88,mcomberbach1s@mayoclinic.com,Female,Chemical Engineer,Widowed,Doctoral degree,554-596-9974,049 Hoepker Avenue,
88977,Gates,Leftwich,33,gleftwich1t@cocolog-nifty.com,Female,Teacher,Single,Doctoral degree,271-223-4877,79 Sycamore Court,
99835,Charita,Teague,25,cteague1u@paypal.com,Genderfluid,Structural Analysis Engineer,Married,Bachelor's degree,972-958-2088,76175 Bobwhite Pass,
95285,Hammad,Davidson,73,hdavidson1v@webeden.co.uk,Male,Administrative Assistant IV,Married,High school,358-446-1696,5392 Alpine Parkway,
84066,Anya,Galiford,33,agaliford1w@wufoo.com,Female,Clinical Specialist,Widowed,Doctoral degree,772-127-8269,8580 Oak Circle,
85218,Howard,Hannigane,94,hhannigane1x@smh.com.au,Male,Help Desk Technician,Widowed,Master's degree,235-188-7791,7 Namekagon Plaza,
52421,Joey,Burchett,33,jburchett1y@weather.com,Male,Recruiter,Widowed,Doctoral degree,469-962-3889,25233 Reinke Lane,
29493,Casey,Mocher,83,cmocher1z@amazon.com,Female,Accountant I,Widowed,Doctoral degree,312-964-8873,0 Killdeer Point,
25959,Saxon,Kuschke,34,skuschke20@wikia.com,Male,Senior Editor,Divorced,Master's degree,282-770-9119,29785 Bobwhite Trail,
84503,Bud,Maylour,16,bmaylour21@free.fr,Male,Senior Developer,Single,Doctoral degree,508-617-2195,348 Johnson Place,
21857,Paige,Prewett,70,pprewett22@ucla.edu,Female,Sales Associate,Married,Master's degree,769-502-5277,0 Menomonie Place,
57753,Sonnnie,Salvidge,44,ssalvidge23@opensource.org,Female,Help Desk Technician,Single,Master's degree,684-937-8210,3624 Westend Circle,
66572,Julina,Duesberry,60,jduesberry24@cyberchimps.com,Female,Senior Cost Accountant,Married,High school,105-712-7229,4235 Pierstorff Center,
31869,Oren,Jerg,72,ojerg25@fc2.com,Genderqueer,Software Consultant,Single,Master's degree,326-884-1963,149 Myrtle Park,
46583,Reider,Christon,58,rchriston26@spotify.com,Male,Health Coach I,Single,Doctoral degree,263-104-8694,636 Fuller Lane,
58734,Kesley,Houseley,87,khouseley27@wikia.com,Female,Staff Scientist,Divorced,Master's degree,102-972-8243,3 Burrows Terrace,
92170,Arlee,Randleson,68,arandleson28@mashable.com,Female,Design Engineer,Divorced,High school,711-705-7295,27476 Erie Terrace,
47254,Nessi,Tranter,41,ntranter29@vk.com,Female,Social Worker,Single,Master's degree,104-853-7184,3478 Warbler Court,
9679,Waly,Vardey,93,wvardey2a@123-reg.co.uk,Female,Web Developer IV,Married,Master's degree,498-239-5501,193 Lunder Park,
60089,Rey,Heers,97,rheers2b@amazon.com,Male,Research Nurse,Widowed,Master's degree,793-858-8282,2603 Dakota Parkway,
4342,Coletta,Spafford,70,cspafford2c@npr.org,Female,Health Coach IV,Divorced,Doctoral degree,591-508-1837,0039 Lotheville Court,
49325,Patty,Lippitt,79,plippitt2d@mtv.com,Female,Community Outreach Specialist,Married,Doctoral degree,471-773-7063,9 Longview Pass,
47822,Keary,Cordle,41,kcordle2e@elegantthemes.com,Male,Senior Editor,Single,Doctoral degree,605-637-2210,67142 Hallows Parkway,
43213,Angelico,Bibby,27,abibby2f@un.org,Male,Internal Auditor,Widowed,Bachelor's degree,966-275-4805,785 Forest Dale Street,
64348,Nichole,Rook,95,nrook2g@google.de,Non-binary,Operator,Divorced,Doctoral degree,720-329-3640,3656 Fair Oaks Park,
67325,Wright,Kilford,17,wkilford2h@auda.org.au,Male,Environmental Specialist,Single,Master's degree,404-123-1082,56196 Rockefeller Road,
20569,Mandy,Chavey,75,mchavey2i@abc.net.au,Female,Marketing Manager,Married,High school,880-854-3124,246 South Court,
90284,Giustino,Korfmann,17,gkorfmann2j@umich.edu,Male,Account Coordinator,Single,High school,972-947-4588,629 Scott Terrace,
21345,Edmon,Stanett,72,estanett2k@eepurl.com,Male,Data Coordinator,Single,Master's degree,376-650-3184,0 Butternut Place,
92697,Farris,Skeath,73,fskeath2l@amazon.com,Male,Paralegal,Single,Bachelor's degree,786-628-4195,55 Rieder Lane,
5187,Peadar,Norrey,25,pnorrey2m@livejournal.com,Male,Professor,Divorced,Master's degree,845-128-0604,18 5th Court,
15434,Jarvis,Macak,31,jmacak2n@ebay.com,Male,Executive Secretary,Divorced,Master's degree,648-897-9856,7 Lukken Hill,
41248,Aeriela,Kumaar,38,akumaar2o@scribd.com,Female,Software Engineer I,Single,Doctoral degree,825-233-0755,3652 Parkside Terrace,
3173,Maddie,Gocher,70,mgocher2p@cbc.ca,Male,Health Coach I,Single,Bachelor's degree,124-558-8672,2 Pankratz Street,
3958,Trenna,Knibb,37,tknibb2q@google.co.uk,Female,Editor,Divorced,Bachelor's degree,663-639-4401,361 Cherokee Place,
80370,Papageno,Stiling,42,pstiling2r@webs.com,Male,Senior Editor,Divorced,Master's degree,325-867-0720,0779 Monument Plaza,
3329,Aloysia,Pawsey,90,apawsey2s@tinypic.com,Female,Mechanical Systems Engineer,Widowed,Doctoral degree,141-519-6088,9836 Grover Road,
29600,Fabiano,Scourgie,26,fscourgie2t@narod.ru,Male,Tax Accountant,Single,High school,192-348-6844,72 Longview Place,
94692,Petronella,Palfreman,66,ppalfreman2u@technorati.com,Female,VP Quality Control,Widowed,Bachelor's degree,812-427-1232,4 Buena Vista Circle,
83445,Elysee,Rumbold,33,erumbold2v@uiuc.edu,Female,Design Engineer,Married,High school,105-738-5905,66 Crowley Crossing,
16531,Mohandis,Whitlock,93,mwhitlock2w@umich.edu,Male,Civil Engineer,Widowed,Doctoral degree,534-479-5854,6057 Vermont Trail,
42141,Peterus,Delacoste,34,pdelacoste2x@jimdo.com,Male,Marketing Assistant,Widowed,Bachelor's degree,595-526-6075,74815 Raven Alley,
379,Cherin,Sear,72,csear2y@irs.gov,Female,Junior Executive,Divorced,High school,476-989-7810,458 Sachs Road,
85698,Dee dee,Tousy,92,dtousy2z@salon.com,Female,Geological Engineer,Single,Doctoral degree,395-478-7059,88799 Buena Vista Road,
15795,Micaela,Tyhurst,48,mtyhurst30@ycombinator.com,Female,Teacher,Widowed,Master's degree,882-358-1593,9215 International Lane,
42526,Zsa zsa,Livick,83,zlivick31@instagram.com,Female,Director of Sales,Single,Master's degree,931-481-2003,067 Lyons Hill,
70858,Elisha,Murkitt,97,emurkitt32@quantcast.com,Female,Mechanical Systems Engineer,Divorced,Bachelor's degree,231-439-2868,86 Maryland Court,
14292,Adolphe,Sandison,23,asandison33@t-online.de,Male,Database Administrator IV,Married,Bachelor's degree,689-986-2642,440 Superior Junction,
42607,Wendel,Barreau,87,wbarreau34@google.pl,Male,Physical Therapy Assistant,Widowed,Doctoral degree,796-289-7573,51 Mcguire Parkway,
34780,Haily,Cridlon,19,hcridlon35@chronoengine.com,Polygender,Data Coordinator,Divorced,High school,452-620-9317,5 Vernon Park,
52526,Raimund,Sear,50,rsear36@so-net.ne.jp,Male,Administrative Assistant IV,Single,Bachelor's degree,284-586-3597,284 Bartillon Lane,
89722,Layney,Vondra,23,lvondra37@people.com.cn,Female,Legal Assistant,Widowed,Bachelor's degree,307-960-5933,231 Talmadge Park,
15654,Piggy,Olenov,80,polenov38@dmoz.org,Male,GIS Technical Architect,Married,Doctoral degree,597-804-6047,864 Village Crossing,
72534,Karel,Spurdens,37,kspurdens39@vistaprint.com,Female,Librarian,Divorced,Master's degree,154-217-1056,3036 Ilene Court,
92981,Sarine,Dureden,89,sdureden3a@google.ca,Female,VP Accounting,Married,High school,720-647-9804,63193 Mccormick Junction,
85582,Madelena,Chasmoor,68,mchasmoor3b@sourceforge.net,Female,Human Resources Manager,Single,Bachelor's degree,735-753-5076,0 Ludington Circle,
43880,Quintin,Chicken,60,qchicken3c@php.net,Genderfluid,Account Executive,Divorced,Doctoral degree,284-929-3283,863 Karstens Crossing,
25347,Talia,Early,62,tearly3d@hud.gov,Female,Systems Administrator III,Widowed,High school,688-665-1580,070 Bowman Road,
79424,Lindsay,McKoy,86,lmckoy3e@sciencedaily.com,Female,Registered Nurse,Divorced,Doctoral degree,373-940-8516,84 Myrtle Road,
2774,Patten,Wilce,89,pwilce3f@last.fm,Male,Analog Circuit Design manager,Single,Doctoral degree,928-667-4314,8202 La Follette Hill,
39728,Felike,Zannetti,48,fzannetti3g@pagesperso-orange.fr,Male,Software Consultant,Divorced,Master's degree,215-415-5009,395 Elka Junction,
12037,Katine,Bleyman,40,kbleyman3h@skype.com,Female,Accounting Assistant II,Widowed,Master's degree,885-972-1444,8 Lyons Way,
87240,Zebulon,Thornebarrow,37,zthornebarrow3i@tumblr.com,Male,Chemical Engineer,Divorced,Bachelor's degree,565-998-4511,69 Clyde Gallagher Lane,
83771,Kimble,Tilly,95,ktilly3j@artisteer.com,Male,Product Engineer,Single,Master's degree,676-264-8785,7 Farragut Junction,
60837,Cayla,Studdert,24,cstuddert3k@hao123.com,Female,Recruiter,Widowed,Bachelor's degree,163-494-0641,63 Lake View Point,
10130,Norah,Ghent,85,nghent3l@salon.com,Female,Accountant III,Divorced,Master's degree,153-106-8479,55 Warbler Circle,
33068,Mariann,Mallabon,82,mmallabon3m@simplemachines.org,Female,Civil Engineer,Married,Doctoral degree,550-238-3036,72618 Cambridge Street,
48610,Reinald,Eberle,47,reberle3n@answers.com,Male,Human Resources Assistant IV,Widowed,Bachelor's degree,483-384-1793,6 Rowland Park,
41005,Tuckie,Whybrow,15,twhybrow3o@msn.com,Male,Human Resources Manager,Single,Doctoral degree,915-495-5930,39114 Bartillon Avenue,
58321,Mari,Ghilardini,65,mghilardini3p@senate.gov,Female,General Manager,Divorced,High school,612-597-5446,53 Bluejay Crossing,
97199,Elvera,Wescott,85,ewescott3q@virginia.edu,Female,Account Coordinator,Divorced,Doctoral degree,751-848-8046,40532 Ludington Terrace,
16169,Jackson,Simondson,79,jsimondson3r@scientificamerican.com,Genderqueer,Sales Associate,Single,Doctoral degree,293-428-1029,0961 Granby Pass,
41308,Dallon,Cattlemull,28,dcattlemull3s@amazonaws.com,Non-binary,Web Developer IV,Widowed,High school,346-171-9572,0659 Crescent Oaks Junction,
16662,Roanne,Whetland,76,rwhetland3t@ted.com,Female,Operator,Widowed,High school,802-672-9302,32 Brickson Park Avenue,
75265,Kellby,Fishly,84,kfishly3u@examiner.com,Male,Structural Analysis Engineer,Widowed,Bachelor's degree,624-496-7086,13 Dwight Plaza,
26705,Chryste,Craik,20,ccraik3v@acquirethisname.com,Female,VP Quality Control,Single,Master's degree,668-173-1974,0518 Schlimgen Avenue,
62966,Carlo,Elfe,28,celfe3w@google.ca,Genderqueer,Research Nurse,Single,Doctoral degree,905-478-5511,8156 Lighthouse Bay Junction,
22366,Jacquelin,Emmatt,72,jemmatt3x@dagondesign.com,Female,Senior Sales Associate,Widowed,Doctoral degree,378-926-8126,8811 Northridge Place,
82203,Duff,Orrett,67,dorrett3y@booking.com,Male,Senior Cost Accountant,Single,Doctoral degree,273-442-5409,9 Utah Place,
35784,Eadith,Venny,64,evenny3z@elpais.com,Female,Data Coordinator,Single,Master's degree,222-128-0407,7454 Tony Point,
51178,Fredrick,Guye,53,fguye40@utexas.edu,Male,Nuclear Power Engineer,Widowed,High school,795-395-4018,59 Eagan Road,
48057,Frederic,Endle,32,fendle41@home.pl,Male,Research Nurse,Single,Master's degree,809-474-1171,573 Dovetail Plaza,
56510,Roxine,Comer,95,rcomer42@mediafire.com,Female,Analog Circuit Design manager,Married,Bachelor's degree,100-170-1894,24426 Hauk Circle,
91160,Danette,Meynell,96,dmeynell43@wired.com,Female,Software Engineer I,Single,High school,733-479-5116,942 Sugar Junction,
45982,Porter,Orys,85,porys44@naver.com,Male,Compensation Analyst,Divorced,Doctoral degree,842-768-9427,44 Glendale Center,
59471,Welby,Poulett,83,wpoulett45@examiner.com,Male,Information Systems Manager,Married,High school,291-382-4955,0 International Terrace,
57032,Susan,Deem,56,sdeem46@hhs.gov,Female,Recruiter,Single,Bachelor's degree,122-180-3671,085 3rd Lane,
51987,Broderick,Mylechreest,17,bmylechreest47@cbsnews.com,Male,Desktop Support Technician,Divorced,Doctoral degree,966-933-0830,9186 Corscot Point,
80162,Lon,Alflatt,15,lalflatt48@surveymonkey.com,Genderfluid,Sales Associate,Single,Bachelor's degree,782-569-3011,328 Briar Crest Crossing,
88500,Mitzi,Johanning,40,mjohanning49@posterous.com,Female,Recruiter,Divorced,Doctoral degree,130-830-9885,13602 3rd Parkway,
86642,Artur,Grasner,66,agrasner4a@imageshack.us,Male,Administrative Assistant III,Widowed,High school,230-686-4056,535 Di Loreto Plaza,
88509,Fletcher,Helkin,70,fhelkin4b@paginegialle.it,Male,Senior Sales Associate,Single,Doctoral degree,402-727-9860,07878 Porter Alley,
26329,Victor,Kave,79,vkave4c@creativecommons.org,Male,Community Outreach Specialist,Married,Bachelor's degree,957-957-1105,4275 Shelley Parkway,
49160,Danika,Corkan,76,dcorkan4d@cdbaby.com,Female,Social Worker,Divorced,Bachelor's degree,823-133-0975,7 Steensland Hill,
10206,Marthe,Synke,69,msynke4e@freewebs.com,Female,Tax Accountant,Single,High school,748-308-2435,6 Northview Street,
43048,Trudi,Arkell,36,tarkell4f@biblegateway.com,Genderqueer,Software Engineer II,Single,Bachelor's degree,112-617-6920,2 Iowa Way,
50911,Charyl,Margrem,71,cmargrem4g@aboutads.info,Female,Professor,Single,Bachelor's degree,378-887-4926,4286 Roth Pass,
7617,Salomo,Perche,36,sperche4h@adobe.com,Male,Senior Cost Accountant,Divorced,Master's degree,114-851-2812,7 Vera Court,
29167,Devin,Dews,98,ddews4i@booking.com,Male,Mechanical Systems Engineer,Single,Doctoral degree,209-694-2232,9400 Onsgard Plaza,
17028,Hermy,Reddan,16,hreddan4j@cloudflare.com,Bigender,Software Consultant,Widowed,Bachelor's degree,162-422-2202,83022 Northland Lane,
71604,Alec,Clow,41,aclow4k@irs.gov,Genderfluid,Recruiting Manager,Divorced,High school,432-124-8665,80992 Schiller Avenue,
78533,Theodore,Verdie,27,tverdie4l@dyndns.org,Male,Senior Sales Associate,Widowed,Bachelor's degree,154-567-8098,09 Blaine Avenue,
97432,Port,Argyle,31,pargyle4m@pbs.org,Genderfluid,Quality Control Specialist,Divorced,Master's degree,329-177-6670,844 Reinke Center,
68676,Lucinda,Hibling,22,lhibling4n@cpanel.net,Female,Financial Advisor,Widowed,Bachelor's degree,268-481-9325,82019 Mandrake Street,
12883,Benn,Cardoso,84,bcardoso4o@clickbank.net,Male,Account Executive,Divorced,High school,350-920-4855,83 Golden Leaf Park,
87121,Duke,Heart,15,dheart4p@addthis.com,Male,Marketing Manager,Widowed,Doctoral degree,875-398-1733,392 Arapahoe Center,
16595,Crystal,Lavens,93,clavens4q@kickstarter.com,Female,Analyst Programmer,Single,High school,941-311-2843,766 Kim Alley,
68384,Cordelia,Saxton,65,csaxton4r@amazon.de,Female,Administrative Assistant I,Single,Doctoral degree,734-240-5409,92 Straubel Pass,
80949,Audry,Kubin,32,akubin4s@skyrock.com,Female,Recruiter,Married,High school,674-284-2342,892 Mesta Junction,
1935,Laurens,Folkard,75,lfolkard4t@123-reg.co.uk,Male,Analog Circuit Design manager,Single,High school,313-869-8777,67 Chive Way,
36999,Rivi,Throssell,53,rthrossell4u@constantcontact.com,Agender,Help Desk Technician,Married,Doctoral degree,948-153-1840,46441 Pond Court,
52610,Mandel,Dearing,90,mdearing4v@alexa.com,Male,VP Sales,Single,Doctoral degree,334-707-0432,229 Columbus Trail,
99240,Sammy,Scullion,16,sscullion4w@engadget.com,Male,Technical Writer,Widowed,High school,342-489-0357,30213 Bluestem Drive,
6577,Dianna,Mannagh,96,dmannagh4x@is.gd,Female,Statistician II,Married,Doctoral degree,864-814-8375,95 Service Lane,
3196,Roxine,Connealy,49,rconnealy4y@wisc.edu,Female,Design Engineer,Widowed,Master's degree,959-741-4663,4112 Lake View Lane,
4615,Ambrosi,Fortun,77,afortun4z@is.gd,Male,Occupational Therapist,Divorced,High school,487-533-7065,0 Carey Lane,
91902,Isidora,Joscelin,37,ijoscelin50@geocities.jp,Female,Staff Accountant I,Single,Bachelor's degree,286-908-4922,9 Shasta Lane,
28449,Emmeline,Creaven,83,ecreaven51@noaa.gov,Female,Structural Engineer,Single,Master's degree,413-984-1313,3 Holy Cross Plaza,
49818,Tessie,Maylour,79,tmaylour52@theglobeandmail.com,Female,Senior Sales Associate,Married,Master's degree,917-606-8456,4886 Fordem Center,
92068,Rodi,Galbreth,55,rgalbreth53@surveymonkey.com,Female,Human Resources Manager,Single,Bachelor's degree,242-264-5518,109 Anderson Circle,
87592,Bibbye,Pickthall,89,bpickthall54@gmpg.org,Female,Geologist III,Widowed,Doctoral degree,420-264-5914,6605 Marcy Parkway,
49385,Joe,Dewhirst,95,jdewhirst55@loc.gov,Genderfluid,Actuary,Married,High school,752-165-5521,303 Warner Avenue,
993,Tiffani,Fulker,41,tfulker56@ovh.net,Female,Administrative Officer,Widowed,High school,237-386-3489,55082 Rigney Trail,
31701,Bernhard,Posthill,94,bposthill57@altervista.org,Male,Environmental Specialist,Single,Doctoral degree,547-253-2831,5905 Crowley Circle,
87712,Sawyere,Dubbin,75,sdubbin58@tiny.cc,Male,VP Sales,Divorced,Bachelor's degree,776-204-4811,1855 Farwell Alley,
11345,Wash,Bachura,72,wbachura59@netscape.com,Agender,Paralegal,Widowed,Bachelor's degree,472-822-6483,3 School Street,
21181,Candie,Libermore,100,clibermore5a@gnu.org,Female,Budget/Accounting Analyst II,Widowed,Master's degree,322-877-8815,030 Stone Corner Road,
43677,D'arcy,Boissieux,61,dboissieux5b@tinypic.com,Male,Staff Accountant III,Widowed,High school,341-957-3070,571 Blackbird Court,
84758,Alan,Coneau,90,aconeau5c@ibm.com,Male,Administrative Assistant III,Single,Bachelor's degree,777-893-8994,63 Quincy Way,
15058,Megan,Ambrosoli,45,mambrosoli5d@go.com,Non-binary,Director of Sales,Divorced,Master's degree,238-534-1583,30 Corry Avenue,
95136,Blair,Sproat,81,bsproat5e@netlog.com,Male,Chief Design Engineer,Single,Doctoral degree,318-593-0414,64498 Gina Point,
4023,Wayland,Crutchley,23,wcrutchley5f@linkedin.com,Male,Internal Auditor,Single,Doctoral degree,572-472-3633,529 Kennedy Plaza,
58374,Vania,Clausewitz,25,vclausewitz5g@photobucket.com,Female,Accountant I,Married,Doctoral degree,730-245-1977,59976 Forest Dale Park,
5197,Ivor,Diviny,26,idiviny5h@goo.ne.jp,Agender,Software Test Engineer II,Married,Doctoral degree,704-991-4417,53 Butterfield Drive,
64557,Claribel,Glen,98,cglen5i@youku.com,Female,Physical Therapy Assistant,Widowed,Bachelor's degree,817-928-4000,3591 Elmside Terrace,
21096,Orlando,Piffe,80,opiffe5j@yale.edu,Male,Administrative Officer,Widowed,High school,835-816-6009,97125 Donald Avenue,
77244,Elvira,Wyley,75,ewyley5k@webnode.com,Female,Web Designer II,Widowed,Doctoral degree,646-819-6378,6702 Roth Park,
43466,Charleen,Borris,70,cborris5l@csmonitor.com,Female,Professor,Divorced,High school,290-155-2059,64 Ruskin Plaza,
14102,Roseanne,Foli,42,rfoli5m@ft.com,Female,Graphic Designer,Married,Bachelor's degree,263-267-9756,22574 Pepper Wood Drive,
66579,Chuck,Brawn,88,cbrawn5n@storify.com,Male,Senior Quality Engineer,Divorced,Master's degree,794-465-4300,3724 Rieder Plaza,
7432,Delphinia,Maddicks,74,dmaddicks5o@histats.com,Female,Accountant II,Divorced,High school,472-308-1578,3 Kings Junction,
56925,Talbot,Holdron,94,tholdron5p@imgur.com,Male,Electrical Engineer,Married,Bachelor's degree,633-451-0633,748 Pierstorff Parkway,
76176,Didi,Lanceter,56,dlanceter5q@sogou.com,Non-binary,Database Administrator IV,Divorced,Bachelor's degree,260-194-6154,83 Texas Center,
28421,Turner,Lester,59,tlester5r@storify.com,Male,Financial Analyst,Divorced,Bachelor's degree,662-608-2366,061 Basil Court,
15583,Jacklyn,Manhare,58,jmanhare5s@yandex.ru,Female,Chief Design Engineer,Single,Master's degree,824-745-0019,7 Bartelt Court,
12312,Dilan,Gibke,72,dgibke5t@ehow.com,Male,Office Assistant IV,Single,Master's degree,847-431-9671,641 Pierstorff Junction,
23988,Arlen,de Courcy,65,adecourcy5u@netscape.com,Female,Software Test Engineer I,Single,Doctoral degree,365-421-7712,793 Lunder Avenue,
18543,Livvyy,Morey,82,lmorey5v@wisc.edu,Female,Marketing Assistant,Married,Bachelor's degree,101-265-4646,16 Buena Vista Way,
63098,Tine,Stenyng,76,tstenyng5w@redcross.org,Female,Automation Specialist IV,Single,Bachelor's degree,573-174-4387,4 Ramsey Trail,
37406,Myca,Rastrick,28,mrastrick5x@accuweather.com,Male,Project Manager,Married,High school,507-450-2348,0 Northridge Park,
40976,Tansy,Smalley,70,tsmalley5y@mac.com,Female,Developer III,Married,Master's degree,629-520-2930,0 Lake View Road,
9612,Cornelius,Skyme,31,cskyme5z@sphinn.com,Male,Nurse,Single,Master's degree,738-533-3641,274 Reindahl Place,
70040,Caril,Lush,93,clush60@icq.com,Genderqueer,Quality Engineer,Single,High school,472-368-2499,37 Corben Way,
81203,Fernande,Overlow,77,foverlow61@bigcartel.com,Female,Tax Accountant,Widowed,Bachelor's degree,427-923-9664,04656 Bellgrove Crossing,
65291,Gwenore,Kleszinski,45,gkleszinski62@latimes.com,Female,Senior Sales Associate,Married,Bachelor's degree,125-526-5435,2 Rockefeller Plaza,
329,Ruthie,Gert,73,rgert63@opera.com,Female,Director of Sales,Married,Doctoral degree,622-876-4932,6834 Thompson Alley,
63610,Laney,Coumbe,99,lcoumbe64@reddit.com,Female,Accountant III,Divorced,Doctoral degree,678-732-1256,4 Shasta Circle,
80856,Halsey,Walbridge,40,hwalbridge65@trellian.com,Male,VP Sales,Divorced,Bachelor's degree,220-849-0596,1907 Grayhawk Road,
94795,Birgit,Jeves,69,bjeves66@wikispaces.com,Female,Design Engineer,Divorced,Master's degree,620-863-2278,654 Reindahl Lane,
18704,Dru,Hurt,74,dhurt67@wp.com,Male,Assistant Manager,Single,Bachelor's degree,120-877-5643,598 3rd Alley,
22436,Bathsheba,Mose,50,bmose68@live.com,Female,Senior Quality Engineer,Married,Doctoral degree,479-664-8045,0 Dayton Way,
49754,Everard,Grisedale,34,egrisedale69@tinypic.com,Male,Senior Cost Accountant,Single,Master's degree,217-261-3433,26 Forster Pass,
62065,Kandy,Enrigo,38,kenrigo6a@baidu.com,Female,Database Administrator IV,Married,Doctoral degree,162-442-1616,7 Oak Valley Center,
74064,Lorinda,Eskrigge,99,leskrigge6b@reddit.com,Female,Health Coach III,Widowed,Doctoral degree,870-440-9983,2 4th Hill,
1667,Ryann,Thornham,63,rthornham6c@slashdot.org,Agender,Help Desk Operator,Married,Doctoral degree,869-451-3549,2287 Harper Street,
72882,Davina,Paris,47,dparis6d@hc360.com,Female,Senior Cost Accountant,Married,Bachelor's degree,157-983-3547,51 Golf View Hill,
96425,Filmore,Chilton,52,fchilton6e@kickstarter.com,Male,Research Assistant I,Divorced,Bachelor's degree,426-591-5422,57267 International Point,
65024,Corrie,Farries,65,cfarries6f@shutterfly.com,Female,Librarian,Married,Bachelor's degree,709-501-0886,773 Orin Pass,
59922,Yankee,Kenner,91,ykenner6g@deliciousdays.com,Male,Engineer IV,Widowed,Bachelor's degree,755-139-5741,62120 Hauk Way,
78401,Luci,Ullyott,50,lullyott6h@earthlink.net,Female,Administrative Officer,Married,Bachelor's degree,670-109-2996,76015 Talisman Crossing,
26669,Alvira,Pickover,54,apickover6i@e-recht24.de,Genderfluid,Cost Accountant,Divorced,Bachelor's degree,626-810-3503,5 Rutledge Park,
32386,Kara-lynn,Beverstock,48,kbeverstock6j@surveymonkey.com,Female,Financial Advisor,Single,High school,552-749-0690,5 Burrows Alley,
57452,Gayelord,Agass,27,gagass6k@github.com,Male,Data Coordinator,Widowed,Master's degree,579-446-5259,631 Talisman Center,
85614,Heidi,Jeavons,85,hjeavons6l@slashdot.org,Female,Senior Developer,Married,High school,817-777-7957,1896 Stuart Point,
99786,Blake,Ivel,67,bivel6m@blog.com,Agender,Software Test Engineer I,Divorced,Master's degree,357-905-2853,83658 Golden Leaf Center,
27833,Sascha,Lasham,63,slasham6n@lulu.com,Female,Sales Representative,Single,Bachelor's degree,267-374-5034,96 Bunker Hill Pass,
47740,Jarrod,Roark,39,jroark6o@bluehost.com,Male,Environmental Specialist,Divorced,Master's degree,782-109-7788,84 Holmberg Court,
19743,Austin,Meriguet,19,ameriguet6p@census.gov,Polygender,Marketing Manager,Married,Bachelor's degree,608-926-9976,6717 Veith Plaza,
16079,Glyn,Stores,83,gstores6q@nymag.com,Female,Food Chemist,Married,Doctoral degree,665-830-0346,8 Scott Point,
70377,Abdul,Bouttell,52,abouttell6r@senate.gov,Male,Marketing Manager,Single,High school,570-498-2034,5960 Vernon Court,
67113,Almeria,Wallbank,79,awallbank6s@imdb.com,Female,Structural Analysis Engineer,Widowed,High school,192-818-5004,942 Glendale Lane,
52163,Hadrian,Hacquard,66,hhacquard6t@seattletimes.com,Male,Community Outreach Specialist,Married,Doctoral degree,771-925-9096,0 Chinook Way,
45773,Eleonore,Shields,57,eshields6u@github.io,Female,VP Product Management,Divorced,Doctoral degree,896-207-6067,2584 Trailsway Hill,
75958,Winfred,MacGillreich,44,wmacgillreich6v@opera.com,Male,Financial Advisor,Widowed,Doctoral degree,112-868-3732,24 Sommers Junction,
68205,Meade,Prickett,73,mprickett6w@oakley.com,Male,Marketing Manager,Single,Bachelor's degree,641-780-7687,7756 American Ash Plaza,
73429,Marta,Parrin,30,mparrin6x@cnbc.com,Female,Project Manager,Widowed,High school,153-344-5081,786 Ryan Alley,
70489,Eliot,Lathwood,41,elathwood6y@g.co,Male,Account Representative II,Married,Bachelor's degree,828-537-6655,41 Vernon Hill,
14429,Fonsie,Bentley,33,fbentley6z@edublogs.org,Male,Software Test Engineer IV,Divorced,Bachelor's degree,466-181-7113,5903 Amoth Junction,
84822,Orazio,Goldston,55,ogoldston70@dailymail.co.uk,Male,Budget/Accounting Analyst I,Divorced,High school,543-686-0693,1582 Welch Place,
36826,Renell,Uttley,23,ruttley71@foxnews.com,Agender,Geologist II,Divorced,Doctoral degree,737-325-1243,89769 7th Center,
27824,Desi,Downage,40,ddownage72@rediff.com,Male,Environmental Specialist,Married,Master's degree,534-352-1411,9070 Rowland Lane,
32944,Dallis,Streater,65,dstreater73@latimes.com,Genderqueer,Web Designer II,Single,High school,531-907-8002,60842 Steensland Lane,
43026,Pearline,Fabler,33,pfabler74@dell.com,Female,Compensation Analyst,Widowed,Bachelor's degree,548-817-9455,76047 Harper Hill,
3232,Wayland,Leggon,37,wleggon75@mayoclinic.com,Male,Staff Scientist,Single,Bachelor's degree,706-157-1530,5 Eagle Crest Street,
13655,Elmer,Beddie,78,ebeddie76@diigo.com,Male,Business Systems Development Analyst,Widowed,Master's degree,699-111-7353,26 Memorial Way,
32763,Corena,Margaritelli,45,cmargaritelli77@cafepress.com,Genderfluid,Marketing Assistant,Married,Bachelor's degree,730-252-1932,9117 Oakridge Alley,
51392,Carroll,Ward,61,cward78@chron.com,Male,Chief Design Engineer,Divorced,Master's degree,251-615-9455,3070 Brentwood Terrace,
95734,Esra,Tomet,69,etomet79@admin.ch,Male,Software Consultant,Married,Doctoral degree,266-673-5706,495 American Ash Park,
42108,Drucie,Spinage,83,dspinage7a@unesco.org,Female,Compensation Analyst,Widowed,High school,684-866-6943,048 Nobel Point,
60997,Vivien,Cameron,76,vcameron7b@addtoany.com,Non-binary,Media Manager I,Single,Master's degree,784-861-7976,08795 Hudson Pass,
714,Roosevelt,Prangnell,68,rprangnell7c@altervista.org,Male,Speech Pathologist,Married,Master's degree,840-304-1398,39 Glacier Hill Circle,
43399,Midge,Bagshawe,80,mbagshawe7d@clickbank.net,Female,Structural Engineer,Divorced,Doctoral degree,427-984-0803,1 Linden Center,
34206,Sascha,Hearons,15,shearons7e@economist.com,Male,Geologist I,Single,Bachelor's degree,293-137-5354,52914 Westend Center,
63869,Allys,Moultrie,85,amoultrie7f@biblegateway.com,Female,Geologist IV,Single,Bachelor's degree,450-644-5585,267 Meadow Vale Crossing,
85943,Orsola,Markovich,56,omarkovich7g@phpbb.com,Female,Chief Design Engineer,Widowed,Doctoral degree,861-281-2602,640 Mayer Plaza,
4504,Mike,Froom,57,mfroom7h@usnews.com,Male,Pharmacist,Widowed,Master's degree,853-708-4067,01 Redwing Place,
25592,Jeffy,Hache,32,jhache7i@webnode.com,Male,Director of Sales,Married,Master's degree,800-313-8413,2979 Blue Bill Park Alley,
30268,Regen,Hurle,20,rhurle7j@cafepress.com,Male,Professor,Single,High school,303-400-7995,19930 Green Ridge Pass,
58989,Rois,Moylane,92,rmoylane7k@ezinearticles.com,Female,Pharmacist,Divorced,Bachelor's degree,261-891-1694,10 Waywood Hill,
7892,Lincoln,MacKee,95,lmackee7l@reuters.com,Male,Executive Secretary,Divorced,Bachelor's degree,619-692-9020,81331 Nelson Hill,
29630,Mendel,Fereday,98,mfereday7m@washingtonpost.com,Male,Librarian,Single,Doctoral degree,903-978-0136,3029 Brickson Park Parkway,
54266,Jarib,Siggery,73,jsiggery7n@theguardian.com,Male,Physical Therapy Assistant,Widowed,Bachelor's degree,740-772-7203,0274 Sullivan Place,
65087,Rebecca,Jentle,30,rjentle7o@fotki.com,Female,Engineer III,Widowed,Doctoral degree,474-639-0173,7642 Dapin Place,
59063,Lidia,Deftie,74,ldeftie7p@paypal.com,Female,Safety Technician III,Single,Doctoral degree,252-222-7124,7 Cascade Place,
36275,Somerset,Giannazzi,66,sgiannazzi7q@ycombinator.com,Male,VP Marketing,Widowed,High school,429-290-8090,6372 Stuart Point,
649,Kassie,Weber,69,kweber7r@1und1.de,Female,Project Manager,Divorced,Doctoral degree,261-517-9780,26208 Grasskamp Junction,
27858,Evelyn,Grewer,74,egrewer7s@disqus.com,Female,Web Designer I,Single,High school,690-474-1066,1 Melby Center,
16233,Amalie,Attle,85,aattle7t@army.mil,Female,Occupational Therapist,Widowed,High school,997-940-6333,7666 Fair Oaks Hill,
85520,Cristie,Othen,23,cothen7u@nbcnews.com,Female,Quality Control Specialist,Divorced,Doctoral degree,419-848-4168,3787 Sachtjen Drive,
78620,Corrie,Happel,83,chappel7v@arizona.edu,Male,Civil Engineer,Married,High school,529-750-2044,569 Meadow Ridge Trail,
41194,Dasi,Coviello,73,dcoviello7w@nifty.com,Female,Staff Accountant II,Married,High school,774-113-6989,0 Paget Place,
23208,Ebba,Izakof,36,eizakof7x@accuweather.com,Bigender,Marketing Manager,Married,Bachelor's degree,585-154-3243,2 Northwestern Street,
52313,Afton,Yele,27,ayele7y@house.gov,Female,Sales Representative,Divorced,High school,546-554-3455,73695 Schlimgen Place,
88782,Auguste,Ekkel,44,aekkel7z@paypal.com,Female,Occupational Therapist,Widowed,Doctoral degree,596-416-3266,53 Rockefeller Plaza,
11831,Ollie,Trevethan,90,otrevethan80@cbc.ca,Female,Assistant Media Planner,Married,Master's degree,686-771-8382,5 Lukken Pass,
5738,Maryjo,Seiler,56,mseiler81@ibm.com,Female,VP Marketing,Single,Master's degree,524-346-9080,359 Loeprich Plaza,
27981,Valenka,Bandey,42,vbandey82@studiopress.com,Female,General Manager,Married,Doctoral degree,788-134-6834,587 International Drive,
90222,Fleurette,Stivey,98,fstivey83@purevolume.com,Female,Cost Accountant,Divorced,Bachelor's degree,322-959-6335,226 Elka Street,
76207,Chas,Windas,46,cwindas84@oaic.gov.au,Male,Director of Sales,Widowed,Bachelor's degree,834-994-2472,783 Esker Alley,
23181,Karolina,Bigham,59,kbigham85@nasa.gov,Female,Software Engineer III,Divorced,High school,801-168-4363,5 Becker Drive,
52875,Jennifer,Burgyn,42,jburgyn86@baidu.com,Female,VP Quality Control,Widowed,Bachelor's degree,265-596-9865,114 Lyons Lane,
14328,Ezequiel,McCue,42,emccue87@photobucket.com,Male,Physical Therapy Assistant,Widowed,Master's degree,178-185-7213,54 Ryan Court,
19648,Ralf,Chapiro,24,rchapiro88@ucla.edu,Male,Research Associate,Married,Master's degree,884-139-3701,6 Heffernan Hill,
39855,Pierrette,Berthomier,74,pberthomier89@webeden.co.uk,Female,Professor,Single,Bachelor's degree,550-998-5396,34 Lunder Way,
20722,Koressa,Josilevich,70,kjosilevich8a@indiegogo.com,Female,Assistant Manager,Divorced,Bachelor's degree,895-128-2261,9910 Rigney Trail,
19971,Hazel,Kuhlen,35,hkuhlen8b@globo.com,Male,Health Coach IV,Single,Bachelor's degree,474-396-5940,45376 Warner Way,
24348,Sutton,Memory,69,smemory8c@examiner.com,Male,Assistant Media Planner,Divorced,Master's degree,771-627-2551,4 Dahle Point,
654,Lennard,Rillstone,50,lrillstone8d@blogspot.com,Male,Database Administrator IV,Married,Doctoral degree,225-467-4620,466 Dayton Parkway,
60875,Genny,Langthorn,44,glangthorn8e@xing.com,Female,Cost Accountant,Widowed,Doctoral degree,799-165-7843,53298 Elmside Alley,
7926,Lammond,Roebottom,67,lroebottom8f@irs.gov,Male,Help Desk Technician,Divorced,Master's degree,342-495-5293,89114 David Street,
51402,Brandon,Klimentov,53,bklimentov8g@spotify.com,Male,Environmental Specialist,Divorced,Bachelor's degree,712-301-4721,83 Meadow Vale Trail,
79545,Rianon,Pouton,43,rpouton8h@java.com,Female,Assistant Media Planner,Married,Bachelor's degree,200-660-1639,47 Maryland Drive,
20197,Maxie,Ivanov,85,mivanov8i@ucla.edu,Female,Project Manager,Married,Doctoral degree,703-511-2704,565 Laurel Avenue,
89276,Ludovico,Siddele,93,lsiddele8j@marriott.com,Male,VP Marketing,Divorced,High school,510-309-3460,41101 Prairie Rose Hill,
81017,Solomon,Orth,23,sorth8k@i2i.jp,Male,Geologist IV,Divorced,Master's degree,959-772-5477,06431 Charing Cross Circle,
65150,Marius,Crosher,15,mcrosher8l@prlog.org,Male,Web Designer I,Divorced,Master's degree,701-345-3851,35 Gale Parkway,
2577,Nert,McShirrie,46,nmcshirrie8m@livejournal.com,Female,Quality Control Specialist,Divorced,Master's degree,780-288-2505,39 Fisk Street,
3183,Emerson,Schellig,45,eschellig8n@mayoclinic.com,Male,Developer II,Divorced,Doctoral degree,260-921-0982,76 Boyd Pass,
26895,Trev,Cobson,36,tcobson8o@last.fm,Male,Physical Therapy Assistant,Divorced,Master's degree,378-625-8546,5877 Derek Junction,
20258,Vonnie,Gaskin,99,vgaskin8p@google.it,Agender,VP Product Management,Divorced,Doctoral degree,563-920-7907,346 Sullivan Place,
57100,Kylila,Legonidec,75,klegonidec8q@moonfruit.com,Female,Programmer II,Divorced,Bachelor's degree,495-117-2298,1 Mayfield Center,
26185,Sinclare,Staneland,54,sstaneland8r@ihg.com,Male,Graphic Designer,Single,Bachelor's degree,854-764-0282,2847 Sherman Hill,
8636,Rodie,Shawel,16,rshawel8s@xinhuanet.com,Female,Electrical Engineer,Married,Master's degree,303-480-5657,132 Surrey Point,
24981,Denys,Bambridge,87,dbambridge8t@cdbaby.com,Genderfluid,Marketing Manager,Divorced,Doctoral degree,232-757-6061,2 Sheridan Trail,
10917,Georges,Voice,29,gvoice8u@xing.com,Male,Research Assistant IV,Divorced,Bachelor's degree,923-727-4608,232 Helena Road,
84575,Dorena,Konneke,21,dkonneke8v@cam.ac.uk,Female,Developer II,Single,High school,370-795-1490,0091 Rutledge Way,
38032,Sibley,Birkett,24,sbirkett8w@apple.com,Female,Safety Technician IV,Divorced,Bachelor's degree,818-247-3687,08831 Harper Alley,
69944,Ludwig,Chopy,57,lchopy8x@mac.com,Male,Environmental Specialist,Divorced,Doctoral degree,613-331-4010,96046 Cambridge Park,
45089,Pearline,Barney,37,pbarney8y@quantcast.com,Female,Analog Circuit Design manager,Widowed,High school,913-724-8377,670 Fuller Court,
66226,Genevra,Sage,64,gsage8z@mit.edu,Agender,Actuary,Married,Doctoral degree,964-226-9720,6610 Farmco Parkway,
14071,Callean,Garnul,53,cgarnul90@mashable.com,Male,Administrative Assistant II,Single,Bachelor's degree,102-188-9192,819 Grasskamp Parkway,
58373,Gian,Fenlon,100,gfenlon91@linkedin.com,Male,Desktop Support Technician,Married,Master's degree,848-403-7963,5267 Maryland Junction,
83012,Jamal,Whereat,18,jwhereat92@seattletimes.com,Male,Compensation Analyst,Divorced,High school,305-207-9809,27 8th Street,
85397,Magdaia,Gyorffy,46,mgyorffy93@posterous.com,Female,Financial Advisor,Single,Doctoral degree,423-650-4819,55 Algoma Way,
18811,Jeanna,Syres,97,jsyres94@mapquest.com,Female,Senior Sales Associate,Widowed,Bachelor's degree,212-817-1121,47 Talisman Alley,
20547,Allison,Iacomini,52,aiacomini95@usnews.com,Female,Senior Quality Engineer,Married,Doctoral degree,635-435-5872,9 Hoffman Drive,
60221,Devonne,Ettritch,34,dettritch96@oracle.com,Female,Project Manager,Widowed,Master's degree,888-152-1369,2 Ridgeway Court,
13916,Kenon,Millis,22,kmillis97@naver.com,Male,Cost Accountant,Married,High school,601-952-4797,1 Raven Alley,
97267,Humberto,Pena,20,hpena98@pcworld.com,Male,Registered Nurse,Widowed,Bachelor's degree,673-497-7278,58 Park Meadow Trail,
